{
	"info": {
		"_postman_id": "cc54e281-c542-45c8-b0d6-245b9c3bda03",
		"name": "Auth",
		"schema": "https://schema.getpostman.com/json/collection/v2.1.0/collection.json",
		"_exporter_id": "6657824"
	},
	"item": [
		{
			"name": "Login",
			"event": [
				{
					"listen": "test",
					"script": {
						"exec": [
							"var jsonData = pm.response.json();",
							"",
							"var receivedToken = jsonData.token;",
							"",
							"pm.globals.set(\"JWT\", receivedToken);"
						],
						"type": "text/javascript",
						"packages": {}
					}
				}
			],
			"request": {
				"method": "POST",
				"header": [],
				"body": {
					"mode": "raw",
					"raw": "{\n     \"username\": \"admin\",\n     \"password\": \"123456\"\n}",
					"options": {
						"raw": {
							"language": "json"
						}
					}
				},
				"url": {
					"raw": "{{appHost}}/auth/login",
					"host": [
						"{{appHost}}"
					],
					"path": [
						"auth",
						"login"
					]
				}
			},
			"response": []
		}
	]
}