{
	"info": {
		"_postman_id": "debbe201-e7bb-4e5e-a048-46414d776a72",
		"name": "Customer",
		"schema": "https://schema.getpostman.com/json/collection/v2.1.0/collection.json",
		"_exporter_id": "6657824"
	},
	"item": [
		{
			"name": "All customer",
			"request": {
				"auth": {
					"type": "bearer",
					"bearer": [
						{
							"key": "token",
							"value": "{{JWT}}",
							"type": "string"
						}
					]
				},
				"method": "GET",
				"header": [],
				"url": {
					"raw": "{{appHost}}/customers",
					"host": [
						"{{appHost}}"
					],
					"path": [
						"customers"
					]
				}
			},
			"response": []
		},
		{
			"name": "Create customer",
			"request": {
				"auth": {
					"type": "bearer",
					"bearer": [
						{
							"key": "token",
							"value": "{{JWT}}",
							"type": "string"
						}
					]
				},
				"method": "POST",
				"header": [],
				"body": {
					"mode": "raw",
					"raw": "{\n     \"firstName\": \"example\",\n     \"lastName\": \"test last name\",\n     \"age\": 34,\n     \"birthDate\":\"1991-07-19\"\n}",
					"options": {
						"raw": {
							"language": "json"
						}
					}
				},
				"url": {
					"raw": "{{appHost}}/customers",
					"host": [
						"{{appHost}}"
					],
					"path": [
						"customers"
					]
				}
			},
			"response": []
		},
		{
			"name": "Customer metrics",
			"request": {
				"auth": {
					"type": "bearer",
					"bearer": [
						{
							"key": "token",
							"value": "{{JWT}}",
							"type": "string"
						}
					]
				},
				"method": "GET",
				"header": [],
				"url": {
					"raw": "{{appHost}}/customers/metrics",
					"host": [
						"{{appHost}}"
					],
					"path": [
						"customers",
						"metrics"
					]
				}
			},
			"response": []
		},
		{
			"name": "swager api",
			"request": {
				"auth": {
					"type": "bearer",
					"bearer": [
						{
							"key": "token",
							"value": "{{JWT}}",
							"type": "string"
						}
					]
				},
				"method": "GET",
				"header": [],
				"url": {
					"raw": "{{appHost}}/customers/v3/api-docs",
					"host": [
						"{{appHost}}"
					],
					"path": [
						"customers",
						"v3",
						"api-docs"
					]
				}
			},
			"response": []
		}
	]
}